{
	"CycleTime":	20,
	"CyclePlay":	0,
	"UseCard":	0,
	"NTSC":	0,
	"RecordFileInterval":	60,
	"AutoRecord":	0,
	"CycleRecord":	0,
	"StartRecordDriver":	0,
	"EndRecordDriver":	0,
	"DownLoadPath":	"C:\\DownLoad",
	"PictureSavePath":	"C:\\Picture",
	"RemoteCfgSavePath":	"C:\\SaveRemoteCfgFile",
	"AutoCheckDeviceTime":	0,
	"CheckDeviceTime":	0,
	"AlarmDelayTime":	10,
	"AlarmListenPort":	7200,
	"AutoSaveLog":	1,
	"AlarmInfo":	1,
	"SuccLog":	1,
	"FailLog":	1,
	"NoDecode":	0,
	"PreviewBlock":	1,
	"OutputDebugString":	0,
	"RecordTimes":	[{
			"StartTime":	0,
			"StopTime":	0
		}, {
			"StartTime":	0,
			"StopTime":	0
		}, {
			"StartTime":	0,
			"StopTime":	0
		}, {
			"StartTime":	0,
			"StopTime":	0
		}, {
			"StartTime":	0,
			"StopTime":	0
		}, {
			"StartTime":	0,
			"StopTime":	0
		}, {
			"StartTime":	0,
			"StopTime":	0
		}, {
			"StartTime":	0,
			"StopTime":	0
		}, {
			"StartTime":	0,
			"StopTime":	0
		}, {
			"StartTime":	0,
			"StopTime":	0
		}, {
			"StartTime":	0,
			"StopTime":	0
		}, {
			"StartTime":	0,
			"StopTime":	0
		}, {
			"StartTime":	0,
			"StopTime":	0
		}, {
			"StartTime":	0,
			"StopTime":	0
		}, {
			"StartTime":	0,
			"StopTime":	0
		}, {
			"StartTime":	0,
			"StopTime":	0
		}, {
			"StartTime":	0,
			"StopTime":	0
		}, {
			"StartTime":	0,
			"StopTime":	0
		}, {
			"StartTime":	0,
			"StopTime":	0
		}, {
			"StartTime":	0,
			"StopTime":	0
		}, {
			"StartTime":	0,
			"StopTime":	0
		}, {
			"StartTime":	0,
			"StopTime":	0
		}, {
			"StartTime":	0,
			"StopTime":	0
		}, {
			"StartTime":	0,
			"StopTime":	0
		}, {
			"StartTime":	0,
			"StopTime":	0
		}, {
			"StartTime":	0,
			"StopTime":	0
		}, {
			"StartTime":	0,
			"StopTime":	0
		}, {
			"StartTime":	0,
			"StopTime":	0
		}],
	"BFrameNum":	0,
	"InSide":	1,
	"LogLevel":	3,
	"StandardCB":	0,
	"Timeout":	5000,
	"HourDiffWithUTC":	0,
	"MinDiffWithUTC":	0,
	"ISO8601":	0
}