{
	"Devices":	[{
			"ID":	0,
			"SerialNumber":	"DS-3E1526P-E20191217CRRD81449011",
			"ChannelNumber":	0,
			"StartChannel":	1,
			"AlarmInNum":	0,
			"AlarmOutNum":	0,
			"IPChanNum":	0,
			"MirrorChanNum":	0,
			"StartMirrorChanNo":	0,
			"LocalNodeName":	"10.12.98.141",
			"DeviceType":	5686,
			"DiskNum":	0,
			"LoginUserName":	"admin",
			"LoginUserPwd":	"hik12345",
			"DeviceIP":	"10.12.98.141",
			"DeviceMultiIP":	"0.0.0.0",
			"DevicePort":	8000,
			"DeviceName":	"",
			"LoginMode":	0,
			"Https":	0,
			"Channels":	[]
		}, {
			"ID":	1,
			"SerialNumber":	"DS-3E1518P-S20191217CRRD81449001",
			"ChannelNumber":	0,
			"StartChannel":	1,
			"AlarmInNum":	0,
			"AlarmOutNum":	0,
			"IPChanNum":	0,
			"MirrorChanNum":	0,
			"StartMirrorChanNo":	0,
			"LocalNodeName":	"10.12.98.146",
			"DeviceType":	5686,
			"DiskNum":	0,
			"LoginUserName":	"admin",
			"LoginUserPwd":	"hik12345",
			"DeviceIP":	"10.12.98.146",
			"DeviceMultiIP":	"0.0.0.0",
			"DevicePort":	8000,
			"DeviceName":	"",
			"LoginMode":	0,
			"Https":	0,
			"Channels":	[]
		}, {
			"ID":	2,
			"SerialNumber":	"DS-3WF05S-5ACE/M0020191129CCRRD92550061",
			"ChannelNumber":	0,
			"StartChannel":	1,
			"AlarmInNum":	0,
			"AlarmOutNum":	0,
			"IPChanNum":	0,
			"MirrorChanNum":	0,
			"StartMirrorChanNo":	0,
			"LocalNodeName":	"10.12.99.17",
			"DeviceType":	5765,
			"DiskNum":	0,
			"LoginUserName":	"admin",
			"LoginUserPwd":	"Admin12345",
			"DeviceIP":	"10.12.99.17",
			"DeviceMultiIP":	"0.0.0.0",
			"DevicePort":	8000,
			"DeviceName":	"",
			"LoginMode":	0,
			"Https":	0,
			"Channels":	[]
		}]
}